Timestamp,Code,Implicitness,Adaptability,Level 1 Time,Level 2 Time,Level 3 Time,Level 4 Time,Level 5 Time,Level 6 Time,Level 7 Time,Level 4 Star,Level 5 Star,Level 6 Star,Level 7 Star,Level 1 Deaths,Level 2 Deaths,Level 3 Deaths,Level 4 Deaths,Level 5 Deaths,Level 6 Deaths,Level 7 Deaths,Total Button Presses,Level 1 Button Presses,Level 2 Button Presses,Level 3 Button Presses,Level 4 Button Presses,Level 5 Button Presses,Level 6 Button Presses,Level 7 Button Presses,Total Time,Total Stars,Total Deaths,Average Button Presses per Second,Average Deaths per Level,Average Button Presses per Level
3/6/2026 11:16:53,ma808588,moderate,yes,20.2447,6.0108,3.9127,232.5529,32.9174,45.1718,171.1638,TRUE,TRUE,FALSE,FALSE,0,0,0,34,2,1,6,1376,7,14,6,732,84,90,443,511.9741,2,43,2.687635957,6.142857143,196.5714286
3/6/2026 11:20:25,nb047296,low,no,22.7151,3.9129,3.9127,9.9069,14.369,85.7651,0,FALSE,TRUE,FALSE,FALSE,0,0,0,0,0,0,0,134,9,6,2,32,36,49,0,140.5817,1,0,0.9531823843,0,19.14285714
3/6/2026 12:11:03,nb825547,low,no,38.6036,3.9165,4.1832,20.1657,12.616,22.0991,0,TRUE,TRUE,FALSE,FALSE,0,0,0,0,0,0,0,175,14,7,8,70,20,56,0,101.5841,2,0,1.722710542,0,25
3/6/2026 12:11:21,na529731,low,yes,32.6207,12.4822,6.0492,128.4699,9.5489,69.8261,427.0549,FALSE,FALSE,FALSE,FALSE,0,0,0,10,0,0,15,1957,7,39,24,553,26,154,1154,686.0519,0,25,2.852553867,3.571428571,279.5714286
3/6/2026 12:38:22,nb416902,low,no,56.5254,4.3497,3.9163,6.6159,17.0148,25.0807,36.3795,FALSE,TRUE,FALSE,FALSE,0,0,0,1,1,0,1,325,11,14,8,28,42,86,136,149.8823,1,3,2.168368113,0.4285714286,46.42857143
3/6/2026 12:38:40,mb510221,moderate,no,96.0231,0,0,0,0,0,0,FALSE,FALSE,FALSE,FALSE,0,0,0,0,0,0,0,24,24,0,0,0,0,0,0,96.0231,0,0,0.2499398582,0,3.428571429
3/6/2026 13:44:55,ma274979,moderate,yes,47.3948,3.9163,3.9163,27.3138,21.2644,27.7305,110.3882,FALSE,TRUE,FALSE,FALSE,0,0,0,3,1,0,2,522,16,9,6,62,30,71,328,241.9243,2,6,2.157699743,0.8571428571,74.57142857
3/6/2026 14:22:45,ib646718,high,no,2.7864,0,0,0,0,0,0,FALSE,FALSE,FALSE,FALSE,0,0,0,0,0,0,0,0,0,0,0,0,0,0,0,2.7864,0,0,0,0,0
3/6/2026 15:32:45,nb225770,low,no,11.2406,3.9128,4.6954,13.2036,24.509,54.7457,103.1479,FALSE,TRUE,FALSE,FALSE,0,0,0,2,1,2,0,529,5,6,10,58,46,126,278,215.455,1,5,2.455269082,0.7142857143,75.57142857
3/6/2026 15:33:30,mb046294,moderate,no,4.2066,3.9128,3.9128,5.0117,4.1293,4.7619,13.5033,FALSE,FALSE,FALSE,FALSE,0,0,0,0,0,0,0,79,3,6,6,18,6,12,28,39.4384,0,0,2.003123859,0,11.28571429
3/6/2026 22:00:28,ib969424,high,no,70.721,10.3397,4.945,63.1542,39.3444,63.0042,27.6226,TRUE,TRUE,FALSE,FALSE,0,0,0,5,1,3,0,508,11,26,14,168,56,150,83,279.1311,3,9,1.819933357,1.285714286,72.57142857
3/7/2026 10:20:32,ma849683,moderate,yes,27.9304,5.095,5.095,22.5776,42.1082,0,0,FALSE,TRUE,FALSE,FALSE,0,0,0,5,0,0,0,144,1,14,8,50,71,0,0,102.8062,1,5,1.400693732,0.7142857143,20.57142857
3/7/2026 10:20:36,ma225450,moderate,yes,3.3516,0,0,0,0,0,0,FALSE,FALSE,FALSE,FALSE,0,0,0,0,0,0,0,0,0,0,0,0,0,0,0,3.3516,0,0,0,0,0
3/7/2026 16:50:43,na627995,low,yes,24.6161,3.0334,3.2084,35.5082,40.3584,18.5666,74.8335,FALSE,TRUE,FALSE,FALSE,0,0,0,14,3,0,3,699,4,12,14,190,134,64,281,200.1246,3,20,3.492823971,2.857142857,99.85714286
3/7/2026 16:52:33,ib589233,high,no,24.783,3.0829,2.5834,8.7919,7.0004,16.5163,32.8,FALSE,TRUE,FALSE,FALSE,0,0,0,1,0,1,1,279,7,12,4,46,16,50,144,95.5579,1,3,2.919695807,0.4285714286,39.85714286
3/8/2026 13:46:48,mb664826,moderate,no,25.4711,4.3493,4.7992,15.1639,22.5129,19.7469,97.2827,FALSE,TRUE,FALSE,FALSE,0,0,0,1,1,0,3,477,3,10,8,50,50,52,304,189.326,1,5,2.519463782,0.7142857143,68.14285714
3/9/2026 8:14:06,mb896070,moderate,no,34.7916,16.2301,41.0433,9.9348,7.4137,25.4306,0,FALSE,FALSE,FALSE,FALSE,0,0,3,0,0,0,0,170,15,40,30,28,16,41,0,134.8441,0,3,1.260715152,0.4285714286,24.28571429
3/9/2026 23:10:34,ma236298,moderate,yes,64.3523,0,0,0,0,0,0,FALSE,FALSE,FALSE,FALSE,0,0,0,0,0,0,0,19,19,0,0,0,0,0,0,64.3523,0,0,0.2952497424,0,2.714285714
3/11/2026 19:26:25,mb170683,moderate,no,8.8772,5.5672,2.6833,0,0,0,0,FALSE,FALSE,FALSE,FALSE,0,0,0,0,0,0,0,22,5,12,5,0,0,0,0,17.1277,0,0,1.284469018,0,3.142857143
3/11/2026 20:43:36,mb393057,moderate,no,35.4746,7.376,8.425,30.7528,23.8764,247.7544,1409.5865,FALSE,TRUE,TRUE,TRUE,0,0,0,3,1,11,42,4079,15,18,16,78,46,606,3300,1763.2457,12,57,2.313347482,8.142857143,582.7142857
3/11/2026 20:25:58,ia266030,high,yes,6.807,7.8945,3.8835,61.4785,14.6612,16.7001,0,TRUE,TRUE,FALSE,FALSE,0,0,0,10,1,0,0,639,3,57,17,430,58,74,0,111.4248,3,11,5.734809486,1.571428571,91.28571429
3/11/2026 20:29:53,mb287296,moderate,no,23.8042,4.7667,3.9667,119.8625,11.6334,58.7118,0,TRUE,TRUE,FALSE,FALSE,0,0,0,74,1,2,0,961,5,30,20,662,36,208,0,222.7453,3,77,4.31434468,11,137.2857143
3/11/2026 21:05:23,mb713724,moderate,no,15.2634,11.7504,7.1327,28.2331,13.6999,30.2997,0,FALSE,TRUE,FALSE,FALSE,0,0,0,1,0,0,0,238,12,38,15,78,26,69,0,106.3792,1,1,2.237279468,0.1428571429,34
3/11/2026 21:07:27,ib916097,high,no,39.122,5.3333,0,0,0,0,0,FALSE,FALSE,FALSE,FALSE,0,0,0,0,0,0,0,24,11,13,0,0,0,0,0,44.4553,0,0,0.5398681372,0,3.428571429
3/11/2026 21:19:30,ma921296,moderate,yes,28.7474,17.9008,5.5217,54.7028,29.6453,0,0,FALSE,TRUE,FALSE,FALSE,0,0,0,8,2,0,0,265,11,42,16,132,64,0,0,136.518,2,10,1.941135967,1.428571429,37.85714286
3/11/2026 21:20:09,ma076149,moderate,yes,3.7868,0,0,0,0,0,0,FALSE,FALSE,FALSE,FALSE,0,0,0,0,0,0,0,1,1,0,0,0,0,0,0,3.7868,0,0,0.2640752086,0,0.1428571429
3/11/2026 21:20:15,ia378338,high,yes,3.8148,0,0,0,0,0,0,FALSE,FALSE,FALSE,FALSE,0,0,0,0,0,0,0,1,1,0,0,0,0,0,0,3.8148,0,0,0.2621369403,0,0.1428571429
3/11/2026 21:25:58,ib581052,high,no,11.0907,3.9205,4.7713,21.6375,11.5778,25.3745,113.593,TRUE,TRUE,FALSE,FALSE,0,0,0,1,0,1,2,507,7,7,11,60,20,76,326,191.9653,2,4,2.641102324,0.5714285714,72.42857143
3/12/2026 14:11:48,ma747473,moderate,yes,10291.6374,12.5628,4.8384,83.6049,16.0003,55.8091,79.5675,TRUE,TRUE,FALSE,FALSE,0,0,0,12,0,2,2,672,1,42,16,250,48,160,155,10544.0204,4,16,0.06373280537,2.285714286,96
3/12/2026 11:22:38,na585711,low,yes,30.3628,3.9164,3.9166,15.9992,11.0328,17.4826,215.1234,TRUE,TRUE,FALSE,FALSE,0,0,0,0,0,0,4,599,7,6,6,44,16,30,490,297.8338,2,4,2.011188791,0.5714285714,85.57142857
3/12/2026 21:01:45,ia996979,high,yes,51.8025,22.5325,13.5992,11.9995,68.3968,0,0,FALSE,TRUE,FALSE,FALSE,0,0,0,0,3,0,0,194,9,54,22,22,87,0,0,168.3305,1,3,1.152494646,0.4285714286,27.71428571
3/12/2026 22:11:16,ib713496,high,no,54.923,24.2832,5.2669,36.5664,19.6834,142.35,724.3996,TRUE,TRUE,TRUE,TRUE,0,0,0,1,1,3,24,2674,41,86,12,134,32,382,1987,1007.4725,12,29,2.654166739,4.142857143,382
3/12/2026 22:13:23,ia448050,high,yes,27.3073,4.0833,4.3334,18.4333,11.6,54.65,0,TRUE,TRUE,TRUE,FALSE,0,0,0,0,0,6,0,259,27,10,12,54,18,138,0,120.4073,3,6,2.151032371,0.8571428571,37
3/14/2026 17:38:38,ma538286,moderate,yes,22.0526,2.8834,4.7417,151.058,60.4998,13.0073,0,TRUE,TRUE,FALSE,FALSE,0,0,0,22,6,0,0,996,23,12,16,718,154,73,0,254.2428,4,28,3.917515068,4,142.2857143
3/14/2026 18:02:37,na705175,low,yes,12.1823,0,0,0,0,0,0,FALSE,FALSE,FALSE,FALSE,0,0,0,0,0,0,0,23,23,0,0,0,0,0,0,12.1823,0,0,1.887985027,0,3.285714286
3/14/2026 18:03:39,ia614889,high,yes,34.3601,24.8761,0,0,0,0,0,FALSE,FALSE,FALSE,FALSE,0,0,0,0,0,0,0,130,3,127,0,0,0,0,0,59.2362,0,0,2.194603975,0,18.57142857
3/14/2026 18:04:40,ib895369,high,no,2.5345,17.4508,0,0,0,0,0,FALSE,FALSE,FALSE,FALSE,0,0,0,0,0,0,0,93,1,92,0,0,0,0,0,19.9853,0,0,4.653420264,0,13.28571429
3/14/2026 18:05:04,na676715,low,yes,3.8652,10.2545,3.7044,0,0,0,0,FALSE,FALSE,FALSE,FALSE,0,0,0,0,0,0,0,86,8,64,14,0,0,0,0,17.8241,0,0,4.824928047,0,12.28571429
3/14/2026 18:05:43,ia672206,high,yes,30.9569,3.0168,1.8626,0,0,0,0,FALSE,FALSE,FALSE,FALSE,0,0,0,0,0,0,0,27,1,19,7,0,0,0,0,35.8363,0,0,0.7534259954,0,3.857142857
3/14/2026 22:13:08,ma138844,moderate,yes,41.5025,10.4666,8.2221,172.9333,0,0,0,FALSE,FALSE,FALSE,FALSE,0,0,0,49,0,0,0,628,5,46,14,563,0,0,0,233.1245,0,49,2.693839558,7,89.71428571
3/14/2026 22:33:18,ib039763,high,no,7.3578,8.6998,8.2167,97.0323,14.8331,129.4486,123.4653,TRUE,TRUE,FALSE,FALSE,0,0,1,11,0,1,8,1012,5,20,26,310,28,298,325,389.0536,3,21,2.601184001,3,144.5714286
3/14/2026 23:12:35,ia479295,high,yes,13.4685,5.0116,5.8943,28.172,29.0712,56.9602,160.7407,TRUE,TRUE,FALSE,FALSE,0,0,0,0,1,3,2,543,7,14,16,54,54,86,312,299.3185,3,6,1.814121078,0.8571428571,77.57142857
3/14/2026 23:30:34,ib077080,high,no,67.797,11.1625,13.028,0,0,0,0,FALSE,FALSE,FALSE,FALSE,0,0,1,0,0,0,0,100,12,48,40,0,0,0,0,91.9875,0,1,1.087104226,0.1428571429,14.28571429
3/15/2026 1:20:25,ma865368,moderate,yes,8.5649,1.6509,9.3442,0,0,0,0,FALSE,FALSE,FALSE,FALSE,0,0,1,0,0,0,0,38,12,4,22,0,0,0,0,19.56,0,1,1.942740286,0.1428571429,5.428571429
3/15/2026 1:55:54,nb273229,low,no,562.8138,1.7551,1.6374,51.0164,0,0,0,FALSE,FALSE,FALSE,FALSE,0,0,0,26,0,0,0,248,3,12,8,225,0,0,0,617.2227,0,26,0.401799869,3.714285714,35.42857143
3/15/2026 19:02:42,na426623,low,yes,5.8182,27.7914,5.7717,64.6052,0,0,0,FALSE,FALSE,FALSE,FALSE,0,0,0,28,0,0,0,351,3,167,23,158,0,0,0,103.9865,0,28,3.375438158,4,50.14285714
3/15/2026 19:03:36,ma318510,moderate,yes,47.4252,3.2797,1.6002,0,0,0,0,FALSE,FALSE,FALSE,FALSE,0,0,0,0,0,0,0,25,1,15,9,0,0,0,0,52.3051,0,0,0.4779648638,0,3.571428571
3/16/2026 8:52:37,ma934011,moderate,yes,28.3503,10.9657,5.0329,40.2124,19.7979,25.6638,238.7583,TRUE,TRUE,FALSE,FALSE,0,0,0,5,1,1,7,1242,4,49,10,198,40,98,843,368.7813,2,14,3.367849726,2,177.4285714
3/16/2026 8:50:55,ma129232,moderate,yes,74.2589,24.249,7.033,112.1281,96.7956,0,0,TRUE,TRUE,FALSE,FALSE,0,0,0,12,3,0,0,793,51,40,14,320,368,0,0,314.4646,3,15,2.521746486,2.142857143,113.2857143
3/16/2026 15:39:10,mb327959,moderate,no,3.8327,3.9163,3.9162,5.7661,0,0,0,FALSE,FALSE,FALSE,FALSE,0,0,0,1,0,0,0,42,4,9,4,25,0,0,0,17.4313,0,1,2.409458847,0.1428571429,6
3/16/2026 15:39:12,nb089503,low,no,1.9244,0,0,0,0,0,0,FALSE,FALSE,FALSE,FALSE,0,0,0,0,0,0,0,3,3,0,0,0,0,0,0,1.9244,0,0,1.558927458,0,0.4285714286
3/16/2026 15:39:14,ia532787,high,yes,2.3547,0,0,0,0,0,0,FALSE,FALSE,FALSE,FALSE,0,0,0,0,0,0,0,1,1,0,0,0,0,0,0,2.3547,0,0,0.4246825498,0,0.1428571429
3/16/2026 15:39:41,ib638166,high,no,4.0569,3.9498,3.9162,4.9161,4.3162,5.6328,0,FALSE,FALSE,FALSE,FALSE,0,0,0,0,0,0,0,60,1,6,4,16,12,21,0,26.788,0,0,2.23980887,0,8.571428571
3/16/2026 15:42:39,na590702,low,yes,4.2136,3.9164,3.9162,4.9995,4.1162,4.8827,152.3008,FALSE,FALSE,FALSE,FALSE,0,0,0,0,0,0,7,296,1,6,2,18,6,12,251,178.3454,0,7,1.659700783,1,42.28571429
3/16/2026 15:43:17,nb206072,low,no,4.2188,3.9164,3.9162,4.4663,4.1328,4.866,12.4989,FALSE,FALSE,FALSE,FALSE,0,0,0,0,0,0,0,62,1,6,4,18,6,8,19,38.0154,0,0,1.630917996,0,8.857142857
3/16/2026 15:43:31,ib281275,high,no,3.8866,3.9162,3.9163,2.4664,0,0,0,FALSE,FALSE,FALSE,FALSE,0,0,0,2,0,0,0,22,1,8,6,7,0,0,0,14.1855,0,2,1.550879419,0.2857142857,3.142857143
3/16/2026 15:44:32,mb446397,moderate,no,3.9327,3.9163,3.9163,31.93,12.3487,5.1662,0,TRUE,TRUE,FALSE,FALSE,0,0,0,0,0,0,0,136,2,9,7,85,23,10,0,61.2102,2,0,2.221851914,0,19.42857143
3/16/2026 15:44:40,mb024384,moderate,no,4.0028,3.2163,0,0,0,0,0,FALSE,FALSE,FALSE,FALSE,0,0,0,0,0,0,0,12,3,9,0,0,0,0,0,7.2191,0,0,1.662257068,0,1.714285714
3/16/2026 15:44:42,mb203951,moderate,no,1.7201,0,0,0,0,0,0,FALSE,FALSE,FALSE,FALSE,0,0,0,0,0,0,0,0,0,0,0,0,0,0,0,1.7201,0,0,0,0,0
3/16/2026 15:44:42,nb059454,low,no,0.451,0,0,0,0,0,0,FALSE,FALSE,FALSE,FALSE,0,0,0,0,0,0,0,0,0,0,0,0,0,0,0,0.451,0,0,0,0,0
3/16/2026 15:44:43,mb915720,moderate,no,0.2102,0,0,0,0,0,0,FALSE,FALSE,FALSE,FALSE,0,0,0,0,0,0,0,0,0,0,0,0,0,0,0,0.2102,0,0,0,0,0
3/16/2026 15:44:43,ma603413,moderate,yes,0.154664,0,0,0,0,0,0,FALSE,FALSE,FALSE,FALSE,0,0,0,0,0,0,0,0,0,0,0,0,0,0,0,0.154664,0,0,0,0,0
3/16/2026 15:44:44,ia101585,high,yes,0.2168,0,0,0,0,0,0,FALSE,FALSE,FALSE,FALSE,0,0,0,0,0,0,0,0,0,0,0,0,0,0,0,0.2168,0,0,0,0,0
3/16/2026 15:44:44,ma238237,moderate,yes,0.2195,0,0,0,0,0,0,FALSE,FALSE,FALSE,FALSE,0,0,0,0,0,0,0,0,0,0,0,0,0,0,0,0.2195,0,0,0,0,0
3/16/2026 15:44:44,mb636295,moderate,no,0.1625,0,0,0,0,0,0,FALSE,FALSE,FALSE,FALSE,0,0,0,0,0,0,0,0,0,0,0,0,0,0,0,0.1625,0,0,0,0,0
3/16/2026 15:44:45,na770019,low,yes,0.3042,0,0,0,0,0,0,FALSE,FALSE,FALSE,FALSE,0,0,0,0,0,0,0,0,0,0,0,0,0,0,0,0.3042,0,0,0,0,0
3/16/2026 15:44:45,na442949,low,yes,0.3019,0,0,0,0,0,0,FALSE,FALSE,FALSE,FALSE,0,0,0,0,0,0,0,0,0,0,0,0,0,0,0,0.3019,0,0,0,0,0
3/16/2026 15:44:45,ma392862,moderate,yes,0.17283,0,0,0,0,0,0,FALSE,FALSE,FALSE,FALSE,0,0,0,0,0,0,0,0,0,0,0,0,0,0,0,0.17283,0,0,0,0,0
3/16/2026 15:44:47,na683440,low,yes,0.2723,0,0,0,0,0,0,FALSE,FALSE,FALSE,FALSE,0,0,0,0,0,0,0,0,0,0,0,0,0,0,0,0.2723,0,0,0,0,0
3/16/2026 15:44:48,na021533,low,yes,0.2228,0,0,0,0,0,0,FALSE,FALSE,FALSE,FALSE,0,0,0,0,0,0,0,0,0,0,0,0,0,0,0,0.2228,0,0,0,0,0
3/16/2026 15:44:48,ma827873,moderate,yes,0.2451,0,0,0,0,0,0,FALSE,FALSE,FALSE,FALSE,0,0,0,0,0,0,0,0,0,0,0,0,0,0,0,0.2451,0,0,0,0,0
3/16/2026 15:44:56,ia478852,high,yes,4.5259,2.4665,0,0,0,0,0,FALSE,FALSE,FALSE,FALSE,0,0,0,0,0,0,0,4,3,1,0,0,0,0,0,6.9924,0,0,0.5720496539,0,0.5714285714
3/16/2026 15:44:57,ib190649,high,no,1.8391,0,0,0,0,0,0,FALSE,FALSE,FALSE,FALSE,0,0,0,0,0,0,0,2,2,0,0,0,0,0,0,1.8391,0,0,1.087488445,0,0.2857142857
3/16/2026 15:46:01,mb220159,moderate,no,4.1219,3.9495,3.9163,4.2995,4.1328,4.8829,36.4462,FALSE,FALSE,FALSE,FALSE,0,0,0,0,0,0,2,136,5,6,6,12,6,10,91,61.7491,0,2,2.20246125,0.2857142857,19.42857143
3/16/2026 15:46:13,ia345310,high,yes,4.2093,3.933,3.9163,0,0,0,0,FALSE,FALSE,FALSE,FALSE,0,0,0,0,0,0,0,9,1,6,2,0,0,0,0,12.0586,0,0,0.7463552983,0,1.285714286
3/16/2026 21:40:50,nb691697,low,no,43.8684,17.536,13.5095,78.1783,0,0,0,FALSE,FALSE,FALSE,FALSE,0,0,0,8,0,0,0,285,5,54,22,204,0,0,0,153.0922,0,8,1.861623257,1.142857143,40.71428571
3/16/2026 21:41:45,ib258203,high,no,7.7362,12.0496,10.1003,62.8495,22.3163,50.4494,0,FALSE,TRUE,FALSE,FALSE,0,0,1,10,1,1,0,483,7,34,36,190,56,160,0,165.5013,2,13,2.918406079,1.857142857,69
3/16/2026 21:48:51,ma481713,moderate,yes,28.2426,5.7818,25.8411,28.8833,15.3833,20.8827,0,FALSE,TRUE,FALSE,FALSE,0,0,0,5,0,1,0,151,7,16,10,58,24,36,0,125.0148,1,6,1.20785699,0.8571428571,21.57142857
3/17/2026 8:44:07,ma698764,moderate,yes,73.5597,13.4319,4.7162,23.8141,32.5632,0,0,FALSE,TRUE,FALSE,FALSE,0,0,0,1,2,0,0,199,9,39,11,88,52,0,0,148.0851,3,3,1.343821897,0.4285714286,28.42857143
3/17/2026 8:54:15,ia007337,high,yes,26.5776,24.4758,12.3544,35.648,25.2583,0,0,TRUE,TRUE,FALSE,FALSE,0,0,3,1,1,0,0,199,1,56,30,76,36,0,0,124.3141,2,5,1.600783821,0.7142857143,28.42857143
3/17/2026 9:00:43,mb078118,moderate,no,6.4787,37.746,4.1791,14.2693,24.1594,42.4413,120.8969,FALSE,TRUE,FALSE,FALSE,0,0,0,1,1,1,5,581,7,126,8,44,60,78,258,250.1707,2,8,2.322414256,1.142857143,83
3/17/2026 9:02:43,na982266,low,yes,32.8659,3.9129,3.9127,7.4427,21.5453,27.9888,72.8279,FALSE,TRUE,FALSE,FALSE,0,0,0,0,0,1,1,354,4,7,4,22,44,68,205,170.4962,1,2,2.076292609,0.2857142857,50.57142857
3/17/2026 9:02:43,nb019077,low,no,34.807,4.7453,3.9128,24.9918,11.189,18.0987,17.6325,FALSE,TRUE,FALSE,FALSE,0,0,0,3,0,0,0,195,7,14,6,90,14,20,44,115.3771,1,3,1.690110083,0.4285714286,27.85714286
3/17/2026 9:19:19,nb860861,low,no,78.0651,7.5992,5.1161,0,0,0,0,FALSE,FALSE,FALSE,FALSE,0,0,0,0,0,0,0,61,29,20,12,0,0,0,0,90.7804,0,0,0.6719512141,0,8.714285714
3/17/2026 9:29:42,na011577,low,yes,21.8847,3.9128,3.9128,46.8692,41.7087,12.4044,17.6325,FALSE,TRUE,FALSE,FALSE,0,0,0,0,2,0,1,214,7,8,6,18,82,40,53,148.3251,3,3,1.442776711,0.4285714286,30.57142857
3/17/2026 9:34:13,mb824016,moderate,no,15.0142,3.9162,3.9163,162.9842,9.7823,35.7796,110.705,FALSE,FALSE,FALSE,FALSE,0,0,0,14,0,0,7,739,9,6,6,342,22,64,290,342.0978,0,21,2.160200972,3,105.5714286
3/17/2026 9:44:43,ma079054,moderate,yes,108.0577,15.1816,5.2162,366.4621,38.6126,326.0922,0,FALSE,TRUE,FALSE,FALSE,0,0,0,7,2,0,0,230,7,36,28,89,66,4,0,859.6224,2,9,0.2675593377,1.285714286,32.85714286
3/17/2026 9:39:19,nb329771,low,no,30.3448,4.0662,3.9162,12.7988,26.4638,12.5486,21.7478,FALSE,TRUE,FALSE,FALSE,0,0,0,2,2,0,0,202,5,6,6,46,50,28,61,111.8862,2,4,1.80540585,0.5714285714,28.85714286
3/17/2026 9:54:57,mb696284,moderate,no,37.7467,5.5161,5.316,12.8487,26.1472,86.3742,428.2883,FALSE,TRUE,FALSE,FALSE,0,0,0,0,1,2,14,1091,13,20,18,58,62,153,767,602.2372,1,17,1.811578561,2.428571429,155.8571429
3/17/2026 9:46:34,nb669078,low,no,9.6715,0,0,0,0,0,0,FALSE,FALSE,FALSE,FALSE,0,0,0,0,0,0,0,4,4,0,0,0,0,0,0,9.6715,0,0,0.4135863103,0,0.5714285714
3/17/2026 9:50:57,ib396160,high,no,31.5004,3.9496,5.2827,19.3647,16.2816,179.5083,0,TRUE,TRUE,TRUE,FALSE,0,0,0,0,0,6,0,570,13,6,10,76,40,425,0,255.8873,3,6,2.227543141,0.8571428571,81.42857143
3/17/2026 9:56:46,ia044176,high,yes,8.6813,16.065,10.8822,323.2658,22.6144,34.8796,58.2272,FALSE,TRUE,FALSE,FALSE,0,0,1,13,1,1,2,1036,15,78,24,560,56,118,185,474.6155,1,18,2.182819567,2.571428571,148
3/17/2026 9:49:57,ib986574,high,no,30.121,4.0496,4.3329,35.0796,0,0,0,TRUE,FALSE,FALSE,FALSE,0,0,0,2,0,0,0,128,10,8,8,102,0,0,0,73.5831,1,2,1.739529865,0.2857142857,18.28571429
3/17/2026 9:57:00,ma170417,moderate,yes,89.5716,13.2327,7.983,64.3471,38.8648,142.8268,202.2406,FALSE,TRUE,FALSE,FALSE,0,0,0,7,2,0,8,852,33,38,20,188,56,134,383,559.0666,2,17,1.523968701,2.428571429,121.7142857
3/17/2026 9:55:10,na533823,low,yes,2.3399,0,0,0,0,0,0,FALSE,FALSE,FALSE,FALSE,0,0,0,0,0,0,0,2,2,0,0,0,0,0,0,2.3399,0,0,0.8547373819,0,0.2857142857
3/17/2026 9:58:17,nb917649,low,no,33.3373,5.9161,31.73,0,0,0,0,FALSE,FALSE,FALSE,FALSE,0,0,4,0,0,0,0,95,3,14,78,0,0,0,0,70.9834,0,4,1.338341077,0.5714285714,13.57142857
3/17/2026 10:03:10,ma529108,moderate,yes,11.0014,15.3485,6.266,33.3298,27.7805,18.048,0,FALSE,TRUE,FALSE,FALSE,0,0,0,3,1,0,0,388,13,62,24,132,70,87,0,111.7742,1,4,3.471284071,0.5714285714,55.42857143
3/17/2026 10:04:55,ma979459,moderate,yes,34.5915,4.3662,4.516,7.3494,7.4658,14.6152,0,FALSE,FALSE,FALSE,FALSE,0,0,0,0,0,0,0,115,7,9,8,31,22,38,0,72.9041,0,0,1.577414713,0,16.42857143
3/17/2026 10:20:36,ib108210,high,no,8.4981,5.6996,9.3157,185.4321,0,0,0,FALSE,FALSE,FALSE,FALSE,0,0,1,5,0,0,0,167,3,16,38,110,0,0,0,208.9455,0,6,0.7992514795,0.8571428571,23.85714286
3/17/2026 10:21:52,mb102676,moderate,no,5.3339,0,0,0,0,0,0,FALSE,FALSE,FALSE,FALSE,0,0,0,0,0,0,0,0,0,0,0,0,0,0,0,5.3339,0,0,0,0,0
3/17/2026 10:26:57,ib982999,high,no,114.8821,4.1626,8.6082,11.0723,46.4207,208.0438,0,FALSE,TRUE,FALSE,FALSE,0,0,1,0,2,0,0,224,7,6,14,42,64,91,0,393.1897,2,3,0.5696995623,0.4285714286,32
3/17/2026 10:27:14,mb486340,moderate,no,15.1324,7.1497,5.7664,35.3484,28.682,46.6811,96.8789,TRUE,TRUE,FALSE,FALSE,0,0,0,3,2,0,3,493,3,24,14,104,56,93,199,235.6389,2,8,2.09218427,1.142857143,70.42857143
3/17/2026 10:33:32,ib768813,high,no,5.0465,3.996,369.7836,16.6668,0,0,0,FALSE,FALSE,FALSE,FALSE,0,0,0,4,0,0,0,77,3,6,4,64,0,0,0,395.4929,0,4,0.1946937606,0.5714285714,11
3/17/2026 10:27:29,mb796970,moderate,no,10.1415,0,0,0,0,0,0,FALSE,FALSE,FALSE,FALSE,0,0,0,0,0,0,0,1,1,0,0,0,0,0,0,10.1415,0,0,0.09860474289,0,0.1428571429
3/17/2026 10:53:37,ia032169,high,yes,5.4597,0,0,0,0,0,0,FALSE,FALSE,FALSE,FALSE,0,0,0,0,0,0,0,0,0,0,0,0,0,0,0,5.4597,0,0,0,0,0
3/17/2026 10:55:26,ia869055,high,yes,3.3118,0,0,0,0,0,0,FALSE,FALSE,FALSE,FALSE,0,0,0,0,0,0,0,1,1,0,0,0,0,0,0,3.3118,0,0,0.3019506009,0,0.1428571429
3/17/2026 10:59:42,ma057323,moderate,yes,6.3873,9.8656,7.8325,12.5487,42.2122,48.6448,0,FALSE,TRUE,FALSE,FALSE,0,0,1,1,3,2,0,289,5,20,18,34,84,128,0,127.4911,2,7,2.2668249,1,41.28571429
3/17/2026 11:02:46,ma754972,moderate,yes,21.4352,3.9163,3.9162,12.632,13.1986,14.7151,185.4104,FALSE,TRUE,FALSE,FALSE,0,0,0,3,0,0,3,384,11,8,4,44,26,46,245,255.2238,1,6,1.504561879,0.8571428571,54.85714286
3/17/2026 11:07:46,na042704,low,yes,32.5879,4.0829,4.2496,21.1978,0,0,0,TRUE,FALSE,FALSE,FALSE,0,0,0,0,0,0,0,105,7,8,8,82,0,0,0,62.1182,1,0,1.690325863,0,15
3/17/2026 11:08:38,ib947681,high,no,4.4878,3.9164,3.9162,17.5815,4.6662,7.2326,0,FALSE,FALSE,FALSE,FALSE,0,0,0,4,0,0,0,108,1,8,6,60,12,21,0,41.8007,0,4,2.58368879,0.5714285714,15.42857143
3/17/2026 11:17:53,ma314906,moderate,yes,42.605,8.6326,6.6659,146.2846,54.011,40.2957,0,TRUE,TRUE,FALSE,FALSE,0,0,0,19,2,0,0,513,7,24,8,306,80,88,0,298.4948,3,21,1.718622904,3,73.28571429
3/17/2026 11:23:00,mb858408,moderate,no,43.9929,19.0314,6.0992,435.5541,46.6784,42.3789,0,TRUE,TRUE,FALSE,FALSE,0,0,0,50,3,0,0,1659,3,66,10,1326,78,176,0,593.7349,8,53,2.794176323,7.571428571,237
3/17/2026 11:17:54,nb397997,low,no,35.6567,8.4251,9.5572,22.3778,22.5443,15.9842,0,FALSE,TRUE,FALSE,FALSE,0,0,0,2,0,0,0,162,1,12,10,64,30,45,0,114.5453,1,2,1.414287622,0.2857142857,23.14285714
3/17/2026 11:49:40,na769150,low,yes,237.4072,4.6621,4.5954,49.1347,57.5929,30.0702,0,FALSE,TRUE,FALSE,FALSE,0,0,0,2,1,0,0,426,5,8,8,198,141,66,0,383.4625,1,3,1.110930013,0.4285714286,60.85714286
3/17/2026 11:58:23,ma325624,moderate,yes,34.5054,4.8664,5.1327,55.5276,23.2808,48.8782,0,TRUE,TRUE,FALSE,FALSE,0,0,0,4,1,0,0,393,1,10,16,182,78,106,0,172.1911,2,5,2.282347926,0.7142857143,56.14285714
3/17/2026 12:13:29,na715973,low,yes,37.3385,13.9485,11.5321,121.4539,49.1948,150.3342,362.8283,FALSE,FALSE,FALSE,FALSE,0,0,0,20,2,1,11,1339,13,32,18,296,74,248,658,746.6303,0,34,1.793390919,4.857142857,191.2857143
3/17/2026 11:59:57,na652673,low,yes,36.918,3.983,4.2662,16.2816,13.5486,19.0313,0,TRUE,TRUE,FALSE,FALSE,0,0,0,0,0,0,0,170,5,6,8,64,32,55,0,94.0287,2,0,1.807958634,0,24.28571429
3/17/2026 12:00:55,ma436835,moderate,yes,8.7573,5.3493,12.5154,45.1286,22.0143,18.7481,0,FALSE,TRUE,FALSE,FALSE,0,0,3,3,1,0,0,269,12,11,24,138,32,52,0,112.513,1,7,2.390834837,1,38.42857143
3/17/2026 12:01:20,na757243,low,yes,27.1467,4.6495,4.9495,16.9316,18.2147,11.2655,0,TRUE,TRUE,FALSE,FALSE,0,0,0,0,0,0,0,120,5,14,10,60,20,11,0,83.1575,2,0,1.443044825,0,17.14285714
3/17/2026 12:02:54,ma443652,moderate,yes,290.8473,3.9829,3.9163,19.7145,12.1321,77.0252,0,FALSE,TRUE,FALSE,FALSE,0,0,0,4,0,0,0,299,9,6,4,80,14,186,0,407.6183,1,4,0.7335293828,0.5714285714,42.71428571
3/17/2026 12:03:13,ib848472,high,no,50.509,4.0496,3.9163,7.5325,33.1965,21.1644,0,FALSE,TRUE,FALSE,FALSE,0,0,0,0,3,0,0,172,23,10,6,28,54,51,0,120.3683,2,3,1.428947655,0.4285714286,24.57142857
3/17/2026 12:06:28,nb686658,low,no,46.0782,3.9165,5.6663,14.6327,13.7327,46.2145,71.7468,FALSE,TRUE,FALSE,FALSE,0,0,0,0,0,1,1,536,9,6,10,79,33,144,255,201.9877,1,2,2.653626929,0.2857142857,76.57142857
3/17/2026 12:13:44,nb881136,low,no,49.8386,13.7327,11.5995,46.1979,38.5982,35.1649,515.1597,TRUE,TRUE,FALSE,TRUE,0,0,0,2,1,0,10,1528,19,30,22,94,64,78,1221,710.2915,9,13,2.15122946,1.857142857,218.2857143
3/17/2026 12:07:21,mb738268,moderate,no,55.1606,5.8775,7.6173,13.52,12.1547,41.5254,164.1041,FALSE,TRUE,FALSE,FALSE,0,0,0,0,0,0,5,633,5,16,12,34,16,103,447,299.9596,1,5,2.110284185,0.7142857143,90.42857143
3/17/2026 12:12:47,nb787414,low,no,47.6635,7.8755,6.2772,54.8456,65.6849,143.3413,199.5356,TRUE,TRUE,FALSE,FALSE,0,0,0,3,3,4,8,1190,7,22,14,204,124,270,549,525.2236,3,18,2.265701694,2.571428571,170
3/17/2026 13:12:14,nb156208,low,no,55.9682,7.0763,9.041,159.4253,80.0041,136.3146,3603.7024,FALSE,FALSE,FALSE,FALSE,0,0,0,10,2,0,28,1835,9,16,30,196,142,226,1216,4051.5319,0,40,0.452915106,5.714285714,262.1428571
3/17/2026 12:16:30,ib430922,high,no,26.2661,3.9162,3.9163,9.8657,15.465,58.6771,412.8231,FALSE,TRUE,FALSE,TRUE,0,0,0,0,0,3,14,1664,20,8,6,46,46,130,1408,530.9295,8,17,3.134126094,2.428571429,237.7142857
3/17/2026 12:11:12,nb139665,low,no,15.7702,6.2661,6.316,25.7306,62.8101,64.4598,0,TRUE,TRUE,FALSE,FALSE,0,0,0,2,4,1,0,365,13,20,18,80,108,126,0,181.3528,4,7,2.012651583,1,52.14285714
3/17/2026 12:11:07,mb129213,moderate,no,32.5282,3.9794,4.2625,7.9588,29.6872,17.5826,56.7438,FALSE,TRUE,FALSE,FALSE,0,0,0,0,2,0,1,312,6,7,8,26,84,36,145,152.7425,1,3,2.042653485,0.4285714286,44.57142857
3/17/2026 12:10:49,nb843628,low,no,15.2156,0,0,0,0,0,0,FALSE,FALSE,FALSE,FALSE,0,0,0,0,0,0,0,23,23,0,0,0,0,0,0,15.2156,0,0,1.511606509,0,3.285714286
3/17/2026 12:13:33,nb091814,low,no,53.8929,7.2596,3.9127,16.467,26.1075,22.8773,0,FALSE,TRUE,FALSE,FALSE,0,0,0,3,1,0,0,188,7,20,8,44,42,67,0,130.517,1,4,1.440425385,0.5714285714,26.85714286
3/17/2026 12:27:23,ib707144,high,no,61.6574,17.415,27.6304,33.1465,38.4793,392.6586,397.1081,TRUE,TRUE,FALSE,FALSE,0,0,0,0,1,4,12,1721,1,66,12,128,74,649,791,968.0953,2,17,1.777717545,2.428571429,245.8571429
3/17/2026 12:12:40,nb410288,low,no,5.158,0,0,0,0,0,0,FALSE,FALSE,FALSE,FALSE,0,0,0,0,0,0,0,1,1,0,0,0,0,0,0,5.158,0,0,0.1938735944,0,0.1428571429
3/17/2026 12:14:41,ib624512,high,no,122.8749,13.3152,4.8995,9.399,43.9453,0,0,FALSE,TRUE,FALSE,FALSE,0,0,0,0,3,0,0,177,11,40,12,34,80,0,0,194.4339,1,3,0.9103350805,0.4285714286,25.28571429
3/17/2026 12:14:08,mb269110,moderate,no,8.2991,0,0,0,0,0,0,FALSE,FALSE,FALSE,FALSE,0,0,0,0,0,0,0,0,0,0,0,0,0,0,0,8.2991,0,0,0,0,0
3/17/2026 12:15:32,mb293463,moderate,no,4.9404,4.1662,3.9162,45.0453,12.8153,12.8486,0,FALSE,TRUE,FALSE,FALSE,0,0,0,6,0,0,0,175,7,6,6,112,22,22,0,83.732,1,6,2.090001433,0.8571428571,25
3/17/2026 12:31:57,mb379996,moderate,no,30.7152,4.1958,7.3261,28.888,20.0802,26.1074,0,TRUE,TRUE,FALSE,FALSE,0,0,0,2,0,0,0,174,15,8,10,70,34,37,0,117.3127,2,2,1.483215372,0.2857142857,24.85714286
3/17/2026 12:32:01,ia146046,high,yes,4.2637,0,0,0,0,0,0,FALSE,FALSE,FALSE,FALSE,0,0,0,0,0,0,0,1,1,0,0,0,0,0,0,4.2637,0,0,0.2345380773,0,0.1428571429
3/17/2026 12:37:56,na767015,low,yes,40.3895,5.5779,5.0783,31.9849,13.7698,68.5487,186.1488,TRUE,TRUE,FALSE,FALSE,0,0,0,4,0,1,3,497,1,12,8,92,20,64,300,351.4979,2,8,1.413948704,1.142857143,71
3/17/2026 12:54:06,mb330816,moderate,no,64.6236,4.2331,4.1332,0,0,0,0,FALSE,FALSE,FALSE,FALSE,0,0,0,0,0,0,0,25,9,10,6,0,0,0,0,72.9899,0,0,0.3425131422,0,3.571428571
3/17/2026 12:56:27,ib337063,high,no,7.2981,4.3665,5.3997,27.3321,14.0993,38.9149,32.7818,TRUE,TRUE,FALSE,TRUE,0,0,0,1,0,2,0,361,9,12,12,70,42,92,124,130.1924,3,3,2.772819304,0.4285714286,51.57142857
3/17/2026 13:09:36,ia344946,high,yes,4612.481,3.9162,9.3824,23.5641,14.2319,0,0,TRUE,TRUE,FALSE,FALSE,0,0,1,0,0,0,0,123,3,6,24,68,22,0,0,4663.5756,2,1,0.02637461265,0.1428571429,17.57142857
3/17/2026 13:13:50,ia887766,high,yes,4.5571,4.7162,4.9328,24.1141,12.4488,18.9813,169.832,TRUE,TRUE,FALSE,FALSE,0,0,0,3,0,1,5,625,13,16,8,72,26,46,444,239.5823,2,9,2.608706904,1.285714286,89.28571429
3/17/2026 13:16:19,ia207648,high,yes,76.7057,188.8278,10.2065,52.3814,7.2095,0,0,FALSE,FALSE,FALSE,FALSE,0,0,0,7,0,0,0,655,41,411,11,171,21,0,0,335.3309,0,7,1.953294492,1,93.57142857
3/17/2026 14:12:51,ma396207,moderate,yes,43.6471,17.6159,11.7717,0,0,0,0,FALSE,FALSE,FALSE,FALSE,0,0,2,0,0,0,0,89,3,48,38,0,0,0,0,73.0347,0,2,1.21859883,0.2857142857,12.71428571
3/17/2026 14:41:35,ib971129,high,no,7.4159,0,0,0,0,0,0,FALSE,FALSE,FALSE,FALSE,0,0,0,0,0,0,0,0,0,0,0,0,0,0,0,7.4159,0,0,0,0,0
3/17/2026 15:10:28,na556742,low,yes,45.2187,4.429,4.1791,34.7156,13.8696,26.1741,0,FALSE,FALSE,FALSE,FALSE,0,0,0,9,1,0,0,289,3,8,8,142,26,102,0,128.5861,0,10,2.247521311,1.428571429,41.28571429
3/17/2026 15:24:32,mb878799,moderate,no,46.6388,9.3977,5.8895,29.1385,14.8752,76.8056,442.7535,FALSE,FALSE,FALSE,TRUE,0,0,0,5,1,2,9,1466,5,42,14,82,26,174,1123,625.4988,4,17,2.343729516,2.428571429,209.4285714
3/17/2026 15:32:35,ia595865,high,yes,75.1084,44.5892,16.9665,117.6168,120.2808,0,0,FALSE,TRUE,FALSE,FALSE,0,0,0,2,3,0,0,525,13,118,16,270,108,0,0,374.5617,2,5,1.401638235,0.7142857143,75
3/17/2026 15:35:41,mb627895,moderate,no,38.9376,5.8442,4.9784,67.8494,54.879,0,0,FALSE,TRUE,FALSE,FALSE,0,0,0,2,0,0,0,395,3,16,10,236,130,0,0,172.4886,1,2,2.290006412,0.2857142857,56.42857143
3/17/2026 15:46:30,ia186947,high,yes,60.5525,11.0557,15.135,44.2228,19.4474,21.1291,0,FALSE,TRUE,FALSE,FALSE,0,0,0,2,0,0,0,287,45,28,16,122,38,38,0,171.5425,1,2,1.673054782,0.2857142857,41
3/17/2026 15:51:08,nb401621,low,no,5.2661,3.9128,4.5122,9.5904,11.2222,0,0,FALSE,FALSE,FALSE,FALSE,0,0,0,1,0,0,0,71,3,6,6,34,22,0,0,34.5037,0,1,2.057750328,0.1428571429,10.14285714
3/17/2026 15:52:22,ma864623,moderate,yes,34.6535,0,0,0,0,0,0,FALSE,FALSE,FALSE,FALSE,0,0,0,0,0,0,0,5,5,0,0,0,0,0,0,34.6535,0,0,0.14428557,0,0.7142857143
3/17/2026 16:25:53,nb254931,low,no,27.5743,7.8325,8.2658,37.996,39.9291,86.7242,411.2899,TRUE,TRUE,TRUE,TRUE,0,0,0,0,0,2,7,1091,29,10,10,68,112,132,730,619.6118,6,9,1.760779895,1.285714286,155.8571429
3/17/2026 16:30:10,mb751756,moderate,no,20.8911,7.8324,7.8325,33.7631,28.7637,43.8954,81.8913,TRUE,TRUE,TRUE,TRUE,0,0,0,0,0,0,1,443,5,6,14,145,19,78,176,224.8695,5,1,1.970031507,0.1428571429,63.28571429
3/17/2026 17:52:58,na164139,low,yes,3.6392,3.9164,3.9167,4.6661,4.1671,4.7991,14.5658,FALSE,FALSE,FALSE,FALSE,0,0,0,0,0,0,0,76,3,7,4,14,8,6,34,39.6704,0,0,1.915786077,0,10.85714286
3/17/2026 18:00:58,na447115,low,yes,3.9176,3.9167,3.9164,39.6146,11.3989,74.5793,205.2041,TRUE,TRUE,TRUE,TRUE,0,0,0,2,0,4,3,762,6,6,2,110,14,140,484,342.5476,6,9,2.22450836,1.285714286,108.8571429
3/17/2026 19:00:30,mb549402,moderate,no,506.777,5.8443,4.7619,10.1732,37.9791,42.741,412.2082,FALSE,TRUE,FALSE,FALSE,0,0,0,1,1,0,13,1314,3,16,6,36,70,110,1073,1020.4847,2,15,1.287623421,2.142857143,187.7142857
3/17/2026 19:12:40,ia127821,high,yes,4.887,5.1781,4.7953,521.9059,13.8862,26.1242,152.5654,FALSE,FALSE,FALSE,FALSE,0,0,0,8,1,0,6,770,8,11,6,182,36,88,439,729.3421,0,15,1.055745994,2.142857143,110
3/17/2026 19:05:10,nb493906,low,no,42.1175,4.1293,4.9616,16.6835,36.4972,66.2011,0,FALSE,TRUE,FALSE,FALSE,0,0,0,4,3,0,0,400,5,12,10,68,92,213,0,170.5902,2,7,2.344800581,1,57.14285714
3/17/2026 19:18:38,ia939601,high,yes,32.9008,18.7481,14.282,205.4949,111.8049,0,0,FALSE,FALSE,FALSE,FALSE,0,0,4,21,0,0,0,689,3,70,22,416,178,0,0,383.2307,0,25,1.797872665,3.571428571,98.42857143
3/17/2026 19:45:27,nb749410,low,no,49.4653,8.7324,4.9662,62.76,30.0468,33.5465,61.2769,FALSE,TRUE,FALSE,FALSE,0,0,0,6,1,0,0,517,5,38,10,186,54,74,150,250.7941,1,7,2.061452004,1,73.85714286
3/17/2026 20:15:25,mb697987,moderate,no,40.3316,16.8315,5.7162,39.0625,28.4303,5.6494,0,TRUE,TRUE,FALSE,FALSE,0,0,0,3,1,0,0,242,25,46,10,104,56,1,0,136.0215,2,4,1.779130505,0.5714285714,34.57142857
3/17/2026 20:27:28,na933931,low,yes,20.5916,4.2996,5.566,28.4137,89.9905,186.647,324.4658,TRUE,TRUE,TRUE,FALSE,0,0,0,3,1,11,9,1244,3,10,8,76,58,398,691,659.9742,3,24,1.884922168,3.428571429,177.7142857
3/17/2026 20:23:16,nb942747,low,no,29.2628,5.2448,6.5934,56.6606,24.2759,88.6455,168.2167,FALSE,TRUE,FALSE,FALSE,0,0,0,4,1,0,6,828,9,16,14,162,38,178,411,378.8997,1,11,2.185274889,1.571428571,118.2857143
3/17/2026 20:39:35,ma283103,moderate,yes,10.5201,4.5008,4.3165,19.7334,11.8,14.0334,131.9599,FALSE,TRUE,FALSE,FALSE,0,0,0,3,0,0,2,298,7,12,14,42,16,34,173,196.8641,1,5,1.513734602,0.7142857143,42.57142857
3/17/2026 21:49:00,ma001477,moderate,yes,830.2453,4.1496,6.0493,85.5576,42.8456,33.0298,0,TRUE,TRUE,TRUE,FALSE,0,0,0,5,3,1,0,409,4,9,12,260,72,52,0,1001.8772,5,9,0.4082336638,1.285714286,58.42857143
3/17/2026 22:05:28,nb425808,low,no,6.0873,8.2346,7.8595,30.7857,0,0,0,FALSE,FALSE,FALSE,FALSE,0,0,0,0,0,0,0,63,1,38,12,12,0,0,0,52.9671,0,0,1.189417582,0,9
3/17/2026 22:09:09,ib490080,high,no,45.4527,4.4713,2.6454,65.2581,16.8231,49.1571,23.2316,FALSE,TRUE,FALSE,FALSE,0,0,0,17,0,1,1,605,1,28,8,298,64,162,44,207.0393,1,19,2.922150529,2.714285714,86.42857143
3/17/2026 22:33:55,na697363,low,yes,5.8677,3.9829,4.0663,20.2479,15.765,19.2313,548.6678,TRUE,TRUE,FALSE,TRUE,0,0,0,0,0,0,3,670,7,6,8,58,20,46,525,617.8289,4,3,1.084442635,0.4285714286,95.71428571
3/17/2026 22:34:41,ib980977,high,no,5.657,4.3997,4.7829,87.1407,19.5312,63.7434,0,FALSE,TRUE,FALSE,FALSE,0,0,0,13,0,3,0,545,1,9,11,320,40,164,0,185.2549,1,16,2.941892495,2.285714286,77.85714286
3/18/2026 8:50:32,mb271620,moderate,no,488.8595,3.9794,3.9128,32.3513,13.2202,198.2369,441.2627,TRUE,TRUE,FALSE,TRUE,0,0,0,1,0,4,6,1658,7,8,4,114,28,196,1301,1181.8228,8,11,1.402917595,1.571428571,236.8571429
3/18/2026 8:54:17,ia624567,high,yes,35.5476,11.0556,14.2692,10.5063,62.8377,49.9173,654.3016,FALSE,TRUE,FALSE,FALSE,0,0,1,0,2,0,4,588,5,34,40,26,100,112,271,838.4353,2,7,0.7013063501,1,84
3/18/2026 8:41:05,mb995281,moderate,no,8.1336,0,0,0,0,0,0,FALSE,FALSE,FALSE,FALSE,0,0,0,0,0,0,0,7,7,0,0,0,0,0,0,8.1336,0,0,0.8606275204,0,1
3/18/2026 8:51:01,ma990597,moderate,yes,228.7496,4.6996,4.2995,33.0132,107.1054,24.3974,174.165,TRUE,TRUE,FALSE,FALSE,0,0,0,1,1,0,2,521,11,14,6,96,60,38,296,576.4297,2,4,0.9038396183,0.5714285714,74.42857143
3/18/2026 9:05:58,nb381075,low,no,89.546,7.7258,7.709,40.5432,35.3649,206.3955,210.2083,TRUE,TRUE,FALSE,FALSE,0,0,0,2,1,7,4,1070,23,20,10,146,78,300,493,597.4927,2,14,1.790816859,2,152.8571429
3/18/2026 10:06:59,ib352546,high,no,8.704,7.2427,16.0009,30.6696,0,0,0,FALSE,FALSE,FALSE,FALSE,0,0,0,3,0,0,0,158,6,23,58,71,0,0,0,62.6172,0,3,2.523268367,0.4285714286,22.57142857
3/18/2026 10:07:42,ib393252,high,no,9.028,4.2791,5.4113,67.1336,0,0,0,FALSE,FALSE,FALSE,FALSE,0,0,0,4,0,0,0,399,17,12,18,352,0,0,0,85.852,0,4,4.647532964,0.5714285714,57
3/18/2026 10:11:59,ib901731,high,no,5.1487,3.9128,4.4955,26.2907,79.0383,0,0,FALSE,TRUE,FALSE,FALSE,0,0,0,6,5,0,0,311,3,4,8,92,204,0,0,118.886,3,11,2.615951416,1.571428571,44.42857143
3/18/2026 10:17:09,ma197422,moderate,yes,30.9156,9.807,5.0117,53.6801,23.0106,76.8738,127.8732,TRUE,TRUE,FALSE,FALSE,0,0,0,10,1,1,6,863,5,34,16,174,44,217,373,327.172,3,18,2.637756287,2.571428571,123.2857143
3/18/2026 10:22:32,ib394638,high,no,52.7223,4.3495,6.7327,16.5482,21.7644,70.6758,383.2108,TRUE,TRUE,TRUE,TRUE,0,0,0,1,1,6,7,1097,7,8,12,46,50,182,792,556.0037,6,15,1.973008453,2.142857143,156.7142857
3/18/2026 10:15:35,ma798152,moderate,yes,64.5104,10.423,4.5955,38.0289,0,0,0,FALSE,FALSE,FALSE,FALSE,0,0,0,5,0,0,0,198,3,40,20,135,0,0,0,117.5578,0,5,1.684277862,0.7142857143,28.28571429
3/18/2026 10:22:46,ia203584,high,yes,7.3169,0,0,0,0,0,0,FALSE,FALSE,FALSE,FALSE,0,0,0,0,0,0,0,2,2,0,0,0,0,0,0,7.3169,0,0,0.2733398024,0,0.2857142857
3/18/2026 10:22:52,ia226086,high,yes,2.7644,0,0,0,0,0,0,FALSE,FALSE,FALSE,FALSE,0,0,0,0,0,0,0,0,0,0,0,0,0,0,0,2.7644,0,0,0,0,0
3/18/2026 11:15:02,ia128346,high,yes,48.972,4.9951,4.1958,32.2847,31.8517,77.6398,226.8585,TRUE,TRUE,FALSE,FALSE,0,0,0,4,2,5,8,916,7,18,6,90,64,164,567,426.7976,2,19,2.14621638,2.714285714,130.8571429
3/18/2026 11:50:16,ma354317,moderate,yes,24.9515,8.6324,10.2323,21.0645,21.931,19.3146,0,FALSE,TRUE,FALSE,FALSE,0,0,1,1,0,0,0,231,5,30,26,78,54,38,0,106.1263,1,2,2.176651782,0.2857142857,33
3/18/2026 18:28:25,ib035741,high,no,1951.282,0,0,0,0,0,0,FALSE,FALSE,FALSE,FALSE,0,0,0,0,0,0,0,0,0,0,0,0,0,0,0,1951.282,0,0,0,0,0
3/18/2026 18:28:30,ma185724,moderate,yes,1.865,0,0,0,0,0,0,FALSE,FALSE,FALSE,FALSE,0,0,0,0,0,0,0,0,0,0,0,0,0,0,0,1.865,0,0,0,0,0
3/18/2026 18:30:18,ma415897,moderate,yes,12.641,13.916,4.417,24.75,30.733,0,0,FALSE,TRUE,FALSE,FALSE,0,0,0,0,2,0,0,173,9,24,10,84,46,0,0,86.457,2,2,2.000994714,0.2857142857,24.71428571
3/18/2026 19:13:08,mb770737,moderate,no,54.6813,10.95,13.6335,128.9966,19.6661,38.7167,134.0798,FALSE,TRUE,FALSE,FALSE,0,0,3,29,1,0,4,1162,4,43,38,490,48,118,421,400.724,1,37,2.89975145,5.285714286,166
3/19/2026 7:18:26,mb466985,moderate,no,20.761,25.333,4.65,22.367,13.267,20.65,0,FALSE,TRUE,FALSE,FALSE,0,0,0,3,0,0,0,174,4,10,10,74,18,58,0,107.028,1,3,1.625742796,0.4285714286,24.85714286
3/19/2026 8:37:46,nb411200,low,no,6.3751,0,0,0,0,0,0,FALSE,FALSE,FALSE,FALSE,0,0,0,0,0,0,0,0,0,0,0,0,0,0,0,6.3751,0,0,0,0,0
3/19/2026 8:42:34,mb381202,moderate,no,0,0,0,0,0,0,0,FALSE,FALSE,FALSE,FALSE,0,0,0,0,0,0,0,0,0,0,0,0,0,0,0,0,0,0,NaN,0,0
3/19/2026 9:44:23,ib568661,high,no,6.3976,7.859,4.1957,37.7044,26.998,100.2339,77.0153,TRUE,TRUE,TRUE,FALSE,0,0,0,2,0,8,0,571,4,9,8,78,38,238,196,260.4039,3,10,2.192747497,1.428571429,81.57142857
3/19/2026 11:41:27,ma968419,moderate,yes,5.4343,3.9129,3.9627,18.6815,0,0,0,TRUE,FALSE,FALSE,FALSE,0,0,0,0,0,0,0,59,1,6,8,44,0,0,0,31.9914,1,0,1.844245641,0,8.428571429
3/19/2026 11:43:58,ia459625,high,yes,4.7146,4.379,3.9128,50.1503,12.1047,20.9959,0,TRUE,TRUE,TRUE,FALSE,0,0,0,2,0,1,0,132,1,8,6,46,22,49,0,96.2573,3,3,1.371324564,0.4285714286,18.85714286
3/20/2026 8:37:34,nb553662,low,no,29.7869,10.2655,4.2163,19.4146,13.6485,30.4135,0,FALSE,TRUE,FALSE,FALSE,0,0,0,0,0,1,0,209,16,23,6,66,20,78,0,107.7453,1,1,1.939759785,0.1428571429,29.85714286
3/20/2026 9:12:46,nb275217,low,no,39.4431,11.1823,5.5494,41.5957,24.7972,103.1393,1820.0947,FALSE,TRUE,FALSE,FALSE,0,0,0,5,2,1,9,1113,7,31,12,131,48,321,563,2045.8017,1,17,0.5440409987,2.428571429,159
3/20/2026 8:42:03,ia430883,high,yes,38.1373,29.6969,7.4659,24.964,23.9308,70.626,0,FALSE,TRUE,FALSE,FALSE,0,0,0,3,1,0,0,411,6,93,14,64,40,194,0,194.8209,2,4,2.109629922,0.5714285714,58.71428571
3/20/2026 8:43:49,ia275923,high,yes,36.0886,16.3838,10.9558,43.9897,32.9507,13.9028,0,TRUE,TRUE,FALSE,FALSE,0,0,0,3,2,0,0,328,1,52,42,130,62,41,0,154.2714,3,5,2.126123183,0.7142857143,46.85714286
3/20/2026 8:49:52,ib539319,high,no,9.7747,3.9163,5.0996,21.0477,11.7821,418.2523,0,FALSE,TRUE,FALSE,FALSE,0,0,0,2,0,0,0,179,4,8,11,88,16,52,0,469.8727,1,2,0.3809542457,0.2857142857,25.57142857
3/20/2026 8:54:14,nb154508,low,no,12.661,5.6829,5.6827,70.426,54.9609,159.0664,166.8158,TRUE,TRUE,FALSE,FALSE,0,0,0,5,1,5,2,941,1,16,8,148,82,323,363,475.2957,3,13,1.979820141,1.857142857,134.4285714
3/20/2026 8:52:03,ma432605,moderate,yes,53.5792,14.4856,8.2086,12.1879,37.6127,40.4932,0,FALSE,TRUE,FALSE,FALSE,0,0,0,2,2,0,0,310,18,32,18,48,64,130,0,166.5672,3,4,1.861110711,0.5714285714,44.28571429
3/20/2026 8:50:50,ib440252,high,no,5.2054,3.9162,5.4494,19.1647,24.1808,0,0,FALSE,TRUE,FALSE,FALSE,0,0,0,3,1,0,0,117,3,5,12,55,42,0,0,57.9165,2,4,2.020149698,0.5714285714,16.71428571
3/20/2026 8:54:51,ma125009,moderate,yes,7.8825,0,0,0,0,0,0,FALSE,FALSE,FALSE,FALSE,0,0,0,0,0,0,0,0,0,0,0,0,0,0,0,7.8825,0,0,0,0,0
3/20/2026 9:00:36,mb910197,moderate,no,24.6668,4.0496,4.0662,26.6305,29.9301,148.4344,65.7265,TRUE,TRUE,FALSE,FALSE,0,0,0,3,0,11,1,612,3,10,6,92,70,286,145,303.5041,2,15,2.016447224,2.142857143,87.42857143
3/20/2026 10:24:29,mb544375,moderate,no,0,0,0,0,0,0,0,FALSE,FALSE,FALSE,FALSE,0,0,0,0,0,0,0,0,0,0,0,0,0,0,0,0,0,0,NaN,0,0
3/20/2026 10:58:07,ma998715,moderate,yes,4.1059,3.9164,3.9163,4.5163,4.0162,4.7493,12.9654,FALSE,FALSE,FALSE,FALSE,0,0,0,0,0,0,0,66,1,6,3,11,4,6,35,38.1858,0,0,1.728391182,0,9.428571429
3/20/2026 11:08:03,ia730910,high,yes,506.777,7.9991,0,0,0,0,0,FALSE,FALSE,FALSE,FALSE,0,0,0,0,0,0,0,41,19,22,0,0,0,0,0,17.291,0,0,2.371175756,0,5.857142857
3/20/2026 11:11:51,ib874139,high,no,78.8833,13.7031,5.4779,63.6536,21.8283,20.6962,0,FALSE,TRUE,FALSE,FALSE,0,0,0,3,1,0,0,354,7,54,12,134,43,104,0,204.2424,1,4,1.733234627,0.5714285714,50.57142857
3/20/2026 11:28:22,na981751,low,yes,121.4843,6.5493,8.4657,59.7605,41.6455,29.4136,797.9159,TRUE,TRUE,FALSE,TRUE,0,0,0,3,1,0,15,2500,9,16,18,202,88,74,2093,1065.2348,13,19,2.34690042,2.714285714,357.1428571
3/20/2026 11:17:50,ib598167,high,no,58.0583,17.9315,8.5658,60.527,45.0119,257.6729,0,TRUE,TRUE,FALSE,FALSE,0,0,1,0,2,2,0,1375,5,76,34,300,196,764,0,447.7674,3,5,3.070790772,0.7142857143,196.4285714
3/20/2026 11:13:00,ia670057,high,yes,40.8854,15.0318,6.2161,30.2635,14.1818,0,0,FALSE,TRUE,FALSE,FALSE,0,0,0,4,0,0,0,182,8,26,16,100,32,0,0,106.5786,1,4,1.707659887,0.5714285714,26
3/20/2026 11:16:56,ma431673,moderate,yes,66.4439,5.233,4.6997,24.6157,23.8321,38.065,102.6286,FALSE,TRUE,FALSE,FALSE,0,0,0,2,1,0,1,527,17,12,8,80,46,100,264,265.518,2,4,1.984799524,0.5714285714,75.28571429
3/20/2026 11:14:45,mb297965,moderate,no,52.0758,14.0817,4.233,30.0801,39.0459,30.3635,39.2625,TRUE,TRUE,FALSE,FALSE,0,0,0,2,3,0,1,443,9,23,11,108,82,106,104,209.1425,3,6,2.118173016,0.8571428571,63.28571429
3/20/2026 11:25:40,ib249521,high,no,42.58,16.7816,11.0988,53.0611,35.9796,15.015,0,TRUE,TRUE,FALSE,FALSE,0,0,1,5,2,0,0,316,11,40,26,150,68,21,0,174.5161,2,8,1.810721188,1.142857143,45.14285714
3/20/2026 11:29:11,ma716635,moderate,yes,6.2227,3.9162,3.9163,26.2805,0,0,0,TRUE,FALSE,FALSE,FALSE,0,0,0,3,0,0,0,113,9,6,4,94,0,0,0,40.3357,1,3,2.801488508,0.4285714286,16.14285714
3/20/2026 11:30:11,na462203,low,yes,17.0072,4.1664,5.1829,49.678,13.9319,0,0,TRUE,TRUE,FALSE,FALSE,0,0,0,2,0,0,0,239,3,10,16,174,36,0,0,89.9664,2,2,2.656547333,0.2857142857,34.14285714
3/20/2026 11:30:01,na904705,low,yes,11.7407,3.9164,3.9162,17.1982,12.882,0,0,TRUE,TRUE,FALSE,FALSE,0,0,0,1,0,0,0,103,3,6,6,64,24,0,0,49.6535,2,1,2.074375422,0.1428571429,14.71428571
3/20/2026 11:35:42,na611762,low,yes,7.7865,3.9163,4.1496,16.5315,20.9811,8.7325,87.2575,TRUE,TRUE,TRUE,TRUE,0,0,0,1,1,0,0,382,13,6,10,52,44,22,235,149.355,5,2,2.557664625,0.2857142857,54.57142857
3/20/2026 11:36:43,mb131339,moderate,no,9.0944,3.9162,4.233,20.1478,11.8821,42.2955,0,TRUE,TRUE,TRUE,FALSE,0,0,0,0,0,5,0,271,1,6,14,74,26,150,0,91.569,3,5,2.959516867,0.7142857143,38.71428571
3/20/2026 11:35:50,na280030,low,yes,4.3716,2.9497,0,0,0,0,0,FALSE,FALSE,FALSE,FALSE,0,0,0,0,0,0,0,13,5,8,0,0,0,0,0,7.3213,0,0,1.775640938,0,1.857142857
3/20/2026 11:39:00,ia120282,high,yes,10.3007,5.9493,3.9163,19.7646,12.5653,15.2984,123.0704,TRUE,TRUE,TRUE,TRUE,0,0,0,2,0,2,3,529,5,24,6,68,20,44,362,190.865,5,7,2.771592487,1,75.57142857
3/20/2026 11:38:53,ma198300,moderate,yes,6.9005,5.7495,4.3663,19.9478,0,0,0,TRUE,FALSE,FALSE,FALSE,0,0,0,0,0,0,0,109,1,20,12,76,0,0,0,36.9641,1,0,2.948807086,0,15.57142857
3/20/2026 11:40:35,mb284284,moderate,no,7.7383,3.9164,4.133,14.9651,10.8155,52.8111,0,TRUE,TRUE,TRUE,FALSE,0,0,0,0,0,3,0,255,1,6,10,48,17,173,0,94.3794,3,3,2.701860787,0.4285714286,36.42857143
3/20/2026 11:41:01,ia917282,high,yes,6.5201,4.0497,3.9162,19.4147,21.7977,34.1797,0,TRUE,TRUE,TRUE,FALSE,0,0,0,1,1,3,0,245,1,10,8,72,34,120,0,89.8781,4,5,2.725914322,0.7142857143,35
3/20/2026 11:42:39,ib964773,high,no,42.1909,13.1702,4.7953,16.2339,39.1113,0,0,FALSE,FALSE,FALSE,FALSE,0,0,0,4,1,0,0,364,17,38,16,57,236,0,0,115.5016,0,5,3.151471495,0.7142857143,52
3/20/2026 11:42:59,mb811107,moderate,no,7.2347,4.3661,3.9163,17.8648,10.7488,12.6154,0,TRUE,TRUE,TRUE,FALSE,0,0,0,0,0,0,0,143,3,14,6,64,14,42,0,56.7461,3,0,2.519996969,0,20.42857143
3/20/2026 11:43:59,na999529,low,yes,6.2027,4.0997,4.1663,23.0475,11.4988,5.8494,0,TRUE,TRUE,TRUE,FALSE,0,0,0,1,0,0,0,131,1,12,8,82,16,12,0,54.8644,3,1,2.38770496,0.1428571429,18.71428571
3/20/2026 11:45:01,na620685,low,yes,8.2242,0,0,0,0,0,0,FALSE,FALSE,FALSE,FALSE,0,0,0,0,0,0,0,9,9,0,0,0,0,0,0,8.2242,0,0,1.094331364,0,1.285714286
3/20/2026 11:46:59,nb865111,low,no,6.7238,3.9164,3.9162,14.7318,22.431,6.9658,50.1614,TRUE,TRUE,TRUE,TRUE,0,0,0,0,2,0,1,268,1,6,6,48,34,18,155,108.8464,5,3,2.462185245,0.4285714286,38.28571429
